mc-rtc (2.12.0-1debian1) unstable; urgency=medium

  * Upstream update: see CHANGELOG.md

 -- Pierre Gergondet <pierre.gergondet+ppa@gmail.com>  Thu, 29 Feb 2024 11:15:06 +0900

mc-rtc (2.11.0-1debian1) unstable; urgency=medium

  * Upstream update: see CHANGELOG.md

 -- Pierre Gergondet <pierre.gergondet+ppa@gmail.com>  Mon, 05 Feb 2024 13:10:09 +0900

mc-rtc (2.10.0-1debian1) unstable; urgency=medium

  * Upstream update: see CHANGELOG.md

 -- Pierre Gergondet <pierre.gergondet+ppa@gmail.com>  Wed, 17 Jan 2024 15:41:00 +0900

mc-rtc (2.9.3-1debian1) unstable; urgency=medium

  * Upstream update: see CHANGELOG.md

 -- Pierre Gergondet <pierre.gergondet+ppa@gmail.com>  Fri, 24 Nov 2023 18:25:04 +0900

mc-rtc (2.9.2-1debian1) unstable; urgency=medium

  * Upstream update: see CHANGELOG.md

 -- Pierre Gergondet <pierre.gergondet+ppa@gmail.com>  Mon, 16 Oct 2023 10:16:28 +0900

mc-rtc (2.9.1-1debian1) unstable; urgency=medium

  * Upstream update: see CHANGELOG.md

 -- Pierre Gergondet <pierre.gergondet+ppa@gmail.com>  Fri, 13 Oct 2023 14:09:37 +0900

mc-rtc (2.9.0-1debian1) unstable; urgency=medium

  * Upstream update: see CHANGELOG.md

 -- Pierre Gergondet <pierre.gergondet+ppa@gmail.com>  Wed, 11 Oct 2023 22:03:22 +0900

mc-rtc (2.8.0-1debian1) unstable; urgency=medium

  * Upstream update: see CHANGELOG.md

 -- Pierre Gergondet <pierre.gergondet+ppa@gmail.com>  Tue, 19 Sep 2023 21:40:56 +0900

mc-rtc (2.7.0-1debian1) unstable; urgency=medium

  * Upstream update: see CHANGELOG.md

 -- Pierre Gergondet <pierre.gergondet+ppa@gmail.com>  Wed, 06 Sep 2023 09:47:59 +0900

mc-rtc (2.6.0-1debian1) unstable; urgency=medium

  * Upstream update: see CHANGELOG.md

 -- Pierre Gergondet <pierre.gergondet+ppa@gmail.com>  Tue, 13 Jun 2023 14:47:34 +0900

mc-rtc (2.5.0-1debian1) unstable; urgency=medium

  * Upstream update: see CHANGELOG.md

 -- Pierre Gergondet <pierre.gergondet+ppa@gmail.com>  Mon, 22 May 2023 12:58:16 +0900

mc-rtc (2.4.0-1debian1) unstable; urgency=medium

  * Upstream update: see CHANGELOG.md

 -- Pierre Gergondet <pierre.gergondet+ppa@gmail.com>  Mon, 17 Apr 2023 20:02:29 +0200

mc-rtc (2.3.0-1debian1) unstable; urgency=medium

  * Upstream update: see CHANGELOG.md

 -- Pierre Gergondet <pierre.gergondet+ppa@gmail.com>  Tue, 07 Mar 2023 09:55:34 +0900

mc-rtc (2.2.0-1debian1) unstable; urgency=medium

  * Upstream update: see CHANGELOG.md

 -- Pierre Gergondet <pierre.gergondet+ppa@gmail.com>  Wed, 08 Feb 2023 16:41:44 +0900

mc-rtc (2.1.0-1debian1) unstable; urgency=medium

  * Upstream update: see CHANGELOG.md

 -- Pierre Gergondet <pierre.gergondet+ppa@gmail.com>  Wed, 25 Jan 2023 16:57:45 +0900

mc-rtc (2.0.1-1debian1) unstable; urgency=medium

  * Upstream update: see CHANGELOG.md

 -- Pierre Gergondet <pierre.gergondet+ppa@gmail.com>  Fri, 20 Jan 2023 11:40:15 +0900

mc-rtc (2.0.0-1debian1) unstable; urgency=medium

  * Upstream update: see CHANGELOG.md

 -- Pierre Gergondet <pierre.gergondet+ppa@gmail.com>  Fri, 13 Jan 2023 10:51:59 +0900

mc-rtc (1.14.2-1debian1) unstable; urgency=medium

  * Update upstream: see CHANGELOG.md

 -- Pierre Gergondet <pierre.gergondet+ppa@gmail.com>  Tue, 06 Dec 2022 09:10:16 +0900

mc-rtc (1.14.1-1debian1) unstable; urgency=medium

  * Update upstream: see CHANGELOG.md

 -- Pierre Gergondet <pierre.gergondet+ppa@gmail.com>  Thu, 01 Dec 2022 18:13:39 +0900

mc-rtc (1.14.0-1debian1) unstable; urgency=medium

  * Update upstream: see CHANGELOG.md

 -- Pierre Gergondet <pierre.gergondet+ppa@gmail.com>  Tue, 29 Nov 2022 10:03:37 +0900

mc-rtc (1.13.0-1debian1) unstable; urgency=medium

  * Update upstream: see CHANGELOG.md

 -- Pierre Gergondet <pierre.gergondet+ppa@gmail.com>  Sun, 16 Oct 2022 11:00:47 +0900

mc-rtc (1.12.0-1debian1) unstable; urgency=medium

  * Update upstream: see CHANGELOG.md

 -- Pierre Gergondet <pierre.gergondet+ppa@gmail.com>  Wed, 07 Sep 2022 07:44:21 +0900

mc-rtc (1.11.0-1debian1) unstable; urgency=medium

  * Update upstream: see CHANGELOG.md

 -- Pierre Gergondet <pierre.gergondet+ppa@gmail.com>  Fri, 08 Jul 2022 15:51:12 +0200

mc-rtc (1.10.0-1debian1) unstable; urgency=medium

  * Update upstream: see CHANGELOG.md

 -- Pierre Gergondet <pierre.gergondet+ppa@gmail.com>  Wed, 06 Apr 2022 14:15:04 +0800

mc-rtc (1.9.0-1debian1) unstable; urgency=medium

  * Update upstream: see CHANGELOG.md

 -- Pierre Gergondet <pierre.gergondet+ppa@gmail.com>  Thu, 10 Feb 2022 11:18:57 +0800

mc-rtc (1.8.2-1debian1) unstable; urgency=medium

  * Update upstream: see CHANGELOG.md

 -- Pierre Gergondet <pierre.gergondet+ppa@gmail.com>  Fri, 15 Oct 2021 17:19:30 +0800

mc-rtc (1.8.1-1debian1) unstable; urgency=medium

  * Update upstream: see CHANGELOG.md

 -- Pierre Gergondet <pierre.gergondet+ppa@gmail.com>  Tue, 10 Aug 2021 17:41:35 +0800

mc-rtc (1.8.0-1debian1) unstable; urgency=medium

  * Update upstream: see CHANGELOG.md

 -- Pierre Gergondet <pierre.gergondet+ppa@gmail.com>  Tue, 10 Aug 2021 15:04:45 +0800

mc-rtc (1.7.0-1ubuntu1) unstable; urgency=medium

  * Update upstream: see CHANGELOG.md

 -- Pierre Gergondet <pierre.gergondet+ppa@gmail.com>  Tue, 30 Mar 2021 10:08:49 +0800

mc-rtc (1.6.0-1ubuntu1) unstable; urgency=medium

  * Update upstream: see CHANGELOG.md

 -- Pierre Gergondet <pierre.gergondet+ppa@gmail.com>  Fri, 16 Oct 2020 17:59:05 +0800

mc-rtc (1.5.1-1ubuntu1) unstable; urgency=medium

  * Update upstream: see CHANGELOG.md

 -- Pierre Gergondet <pierre.gergondet+ppa@gmail.com>  Mon, 14 Sep 2020 15:03:14 +0800

mc-rtc (1.5.0-1ubuntu1) unstable; urgency=medium

  * Update upstream: see CHANGELOG.md

 -- Pierre Gergondet <pierre.gergondet+ppa@gmail.com>  Wed, 09 Sep 2020 11:39:45 +0800

mc-rtc (1.4.0-1ubuntu1) unstable; urgency=medium

  * Update upstream: see CHANGELOG.md

 -- Pierre Gergondet <pierre.gergondet+ppa@gmail.com>  Thu, 11 Jun 2020 11:27:41 +0800

mc-rtc (1.3.0-1ubuntu1) unstable; urgency=medium

  * Update upstream: see CHANGELOG.md

 -- Pierre Gergondet <pierre.gergondet+ppa@gmail.com>  Thu, 07 May 2020 11:00:42 +0800

mc-rtc (1.2.1-1ubuntu1) unstable; urgency=medium

  * Update upstream: see CHANGELOG.md

 -- Pierre Gergondet <pierre.gergondet+ppa@gmail.com>  Wed, 18 Mar 2020 11:29:06 +0800

mc-rtc (1.2.0-1ubuntu1) unstable; urgency=medium

  * Update upstream: see CHANGELOG.md

 -- Pierre Gergondet <pierre.gergondet+ppa@gmail.com>  Tue, 17 Mar 2020 16:54:53 +0800

mc-rtc (1.1.0-1ubuntu1) unstable; urgency=medium

  * Update upstream: see CHANGELOG.md

 -- Pierre Gergondet <pierre.gergondet+ppa@gmail.com>  Wed, 15 Jan 2020 14:46:31 +0800

mc-rtc (1.0.1-1ubuntu1) unstable; urgency=medium

  * Update upstream: see CHANGELOG.md

 -- Pierre Gergondet <pierre.gergondet+ppa@gmail.com>  Thu, 02 Jan 2020 18:36:11 +0800

mc-rtc (1.0.0-1ubuntu1) unstable; urgency=medium

  * Initial release

 -- Pierre Gergondet <pierre.gergondet+ppa@gmail.com>  Tue, 10 Dec 2019 13:51:25 +0800
